race_id,race_date,racecourse,race_number,race_name,distance,surface,going,finishing_position,horse_id,horse_name,jockey,trainer,weight,weight_change,time,last_3f,popularity,odds
R20260414-中06,2026-04-14,中山,6,新馬,2100,ダート,稍重,8,H0014,メイショウアロー,川村翔太,池川泰寿,459,10,2:07.60,36.5,10,79.3
R20260414-中06,2026-04-14,中山,6,新馬,2100,ダート,稍重,2,H0044,ダイワストーム,山口圭一,矢野芳人,491,2,2:07.65,36.2,1,66.7
R20260414-中06,2026-04-14,中山,6,新馬,2100,ダート,稍重,13,H0092,マイネルファイト,吉村隼斗,須田尚介,431,10,2:05.78,36.4,4,102.4
R20260414-中06,2026-04-14,中山,6,新馬,2100,ダート,稍重,1,H0011,テイエムシチー,横田武志,国本栄,447,0,2:05.35,37.7,11,98.0
R20260414-中06,2026-04-14,中山,6,新馬,2100,ダート,稍重,9,H0065,キタサンストーム,川村翔太,国本栄,429,-1,2:06.18,37.2,8,21.6
R20260414-中06,2026-04-14,中山,6,新馬,2100,ダート,稍重,12,H0083,マイネルサンダー,吉村隼斗,須田尚介,424,0,2:08.36,37.4,12,124.2
R20260414-中06,2026-04-14,中山,6,新馬,2100,ダート,稍重,4,H0023,ダイワルージュ,川村翔太,国本栄,443,9,2:07.66,37.0,3,34.4
R20260414-中06,2026-04-14,中山,6,新馬,2100,ダート,稍重,7,H0006,アドマイヤビクトリー,M.ロドリゲス,池川泰寿,506,-3,2:07.02,37.8,5,122.7
R20260414-中06,2026-04-14,中山,6,新馬,2100,ダート,稍重,5,H0032,アドマイヤアロー,福島祐二,中田充正,488,-3,2:08.28,34.5,7,162.0
R20260414-中06,2026-04-14,中山,6,新馬,2100,ダート,稍重,11,H0091,シルバージェット,戸田優介,池川泰寿,506,8,2:07.15,37.9,9,93.1
R20260414-中06,2026-04-14,中山,6,新馬,2100,ダート,稍重,6,H0057,テイエムプリンス,M.ロドリゲス,須田尚介,487,3,2:06.40,37.8,13,163.7
R20260414-中06,2026-04-14,中山,6,新馬,2100,ダート,稍重,3,H0068,ヴィクトリアブレイブ,川村翔太,矢野芳人,426,10,2:08.48,35.4,6,75.2
R20260414-中06,2026-04-14,中山,6,新馬,2100,ダート,稍重,10,H0067,ナリタジェット,吉村隼斗,須田尚介,528,-7,2:09.01,34.4,2,153.0
R20260424-阪09,2026-04-24,阪神,9,2勝クラス,2500,芝,良,9,H0058,ロードオーシャン,松井弘平,宮原敬介,478,-8,2:30.47,33.6,5,181.2
R20260424-阪09,2026-04-24,阪神,9,2勝クラス,2500,芝,良,2,H0045,テイエムプリンス,武田太郎,須田尚介,493,-3,2:31.90,36.6,4,59.3
R20260424-阪09,2026-04-24,阪神,9,2勝クラス,2500,芝,良,7,H0004,キタサンアロー,斉藤典宏,中田充正,493,3,2:29.52,33.9,1,134.1
R20260424-阪09,2026-04-24,阪神,9,2勝クラス,2500,芝,良,6,H0054,ダイワクイーン,斉藤典宏,藤野英昭,487,7,2:31.61,35.5,6,197.7
R20260424-阪09,2026-04-24,阪神,9,2勝クラス,2500,芝,良,12,H0007,テイエムフラッシュ,M.ロドリゲス,高井友和,425,10,2:31.73,34.9,8,75.6
R20260424-阪09,2026-04-24,阪神,9,2勝クラス,2500,芝,良,16,H0051,ゴールドサンダー,斉藤典宏,藤野英昭,464,-3,2:32.50,36.7,15,126.2
R20260424-阪09,2026-04-24,阪神,9,2勝クラス,2500,芝,良,4,H0065,キタサンストーム,吉村隼斗,池川泰寿,437,-9,2:32.60,34.8,11,68.7
R20260424-阪09,2026-04-24,阪神,9,2勝クラス,2500,芝,良,10,H0048,ナリタプリンス,松井弘平,高井友和,509,5,2:32.09,36.2,2,162.6
R20260424-阪09,2026-04-24,阪神,9,2勝クラス,2500,芝,良,15,H0031,サクラキング,福島祐二,友田康夫,457,-4,2:29.77,33.2,16,41.1
R20260424-阪09,2026-04-24,阪神,9,2勝クラス,2500,芝,良,8,H0050,シンボリブライト,横田武志,須田尚介,470,7,2:29.68,35.4,13,8.8
R20260424-阪09,2026-04-24,阪神,9,2勝クラス,2500,芝,良,5,H0011,テイエムシチー,横田武志,池川泰寿,530,-9,2:32.10,37.3,10,67.4
R20260424-阪09,2026-04-24,阪神,9,2勝クラス,2500,芝,良,1,H0029,アドマイヤルージュ,斉藤典宏,音田秀孝,533,2,2:30.01,36.7,12,179.1
R20260424-阪09,2026-04-24,阪神,9,2勝クラス,2500,芝,良,14,H0041,キタサンビクトリー,川村翔太,高井友和,508,5,2:31.06,34.8,9,159.8
R20260424-阪09,2026-04-24,阪神,9,2勝クラス,2500,芝,良,3,H0013,マイネルドリーム,山口圭一,音田秀孝,430,3,2:30.58,36.0,3,164.7
R20260424-阪09,2026-04-24,阪神,9,2勝クラス,2500,芝,良,13,H0092,マイネルファイト,斉藤典宏,藤野英昭,430,0,2:31.70,36.3,14,62.3
R20260424-阪09,2026-04-24,阪神,9,2勝クラス,2500,芝,良,11,H0084,シンボリファイト,M.ロドリゲス,国本栄,508,4,2:31.93,34.8,7,9.9
R20260405-京10,2026-04-05,京都,10,未勝利,1700,ダート,良,14,H0082,シンボリアロー,山口圭一,矢野芳人,519,-2,1:44.68,36.5,15,44.1
R20260405-京10,2026-04-05,京都,10,未勝利,1700,ダート,良,9,H0052,キタサンドリーム,吉村隼斗,高井友和,445,-7,1:43.48,33.7,13,16.2
R20260405-京10,2026-04-05,京都,10,未勝利,1700,ダート,良,2,H0047,キタサンプリンス,吉村隼斗,高井友和,431,0,1:41.72,36.3,14,142.3
R20260405-京10,2026-04-05,京都,10,未勝利,1700,ダート,良,5,H0066,メイショウブライト,横田武志,矢野芳人,528,-5,1:43.23,36.6,8,185.6
R20260405-京10,2026-04-05,京都,10,未勝利,1700,ダート,良,8,H0096,シルバースパーク,斉藤典宏,須田尚介,448,-7,1:43.58,37.9,2,158.7
R20260405-京10,2026-04-05,京都,10,未勝利,1700,ダート,良,4,H0087,ヴィクトリアキング,福島祐二,友田康夫,466,7,1:41.98,35.9,11,94.3
R20260405-京10,2026-04-05,京都,10,未勝利,1700,ダート,良,12,H0021,メイショウファイト,川村翔太,宮原敬介,533,-8,1:44.96,33.3,1,80.5
R20260405-京10,2026-04-05,京都,10,未勝利,1700,ダート,良,3,H0004,キタサンアロー,福島祐二,須田尚介,472,3,1:43.90,37.1,4,16.1
R20260405-京10,2026-04-05,京都,10,未勝利,1700,ダート,良,1,H0019,キタサンブレイブ,松井弘平,藤野英昭,477,4,1:44.92,36.4,5,69.9
R20260405-京10,2026-04-05,京都,10,未勝利,1700,ダート,良,10,H0078,ダイワシチー,田中裕信,宮原敬介,443,-6,1:44.54,35.2,12,182.3
R20260405-京10,2026-04-05,京都,10,未勝利,1700,ダート,良,7,H0057,テイエムプリンス,山口圭一,須田尚介,439,-1,1:41.25,33.8,7,65.5
R20260405-京10,2026-04-05,京都,10,未勝利,1700,ダート,良,15,H0005,マイネルアロー,斉藤典宏,須田尚介,534,-1,1:43.87,37.2,6,51.2
R20260405-京10,2026-04-05,京都,10,未勝利,1700,ダート,良,6,H0017,メイショウファイト,田中裕信,矢野芳人,436,10,1:43.57,34.5,9,107.4
R20260405-京10,2026-04-05,京都,10,未勝利,1700,ダート,良,11,H0009,アドマイヤクイーン,川村翔太,宮原敬介,540,8,1:43.04,33.8,3,132.3
R20260405-京10,2026-04-05,京都,10,未勝利,1700,ダート,良,13,H0031,サクラキング,三沢皇成,池川泰寿,527,8,1:43.91,33.2,10,173.0
R20260430-東11,2026-04-30,東京,11,新馬,1400,ダート,不良,1,H0081,ヴィクトリアブレイブ,山口圭一,友田康夫,457,2,1:23.84,37.3,5,84.5
R20260430-東11,2026-04-30,東京,11,新馬,1400,ダート,不良,6,H0070,ヒカルブライト,川村翔太,池川泰寿,539,8,1:26.70,36.6,11,39.2
R20260430-東11,2026-04-30,東京,11,新馬,1400,ダート,不良,9,H0038,ゴールドスパーク,田中裕信,高井友和,483,-1,1:23.49,35.5,9,19.4
R20260430-東11,2026-04-30,東京,11,新馬,1400,ダート,不良,11,H0083,マイネルサンダー,福島祐二,中田充正,447,8,1:24.42,34.8,1,11.5
R20260430-東11,2026-04-30,東京,11,新馬,1400,ダート,不良,2,H0039,テイエムルージュ,松井弘平,高井友和,456,7,1:24.83,33.0,4,22.8
R20260430-東11,2026-04-30,東京,11,新馬,1400,ダート,不良,5,H0062,メイショウルージュ,横田武志,池川泰寿,517,2,1:23.38,34.8,8,81.0
R20260430-東11,2026-04-30,東京,11,新馬,1400,ダート,不良,13,H0032,アドマイヤアロー,戸田優介,池川泰寿,490,-1,1:25.13,33.4,10,101.6
R20260430-東11,2026-04-30,東京,11,新馬,1400,ダート,不良,4,H0088,キタサンブレイブ,横田武志,宮原敬介,507,9,1:25.91,33.6,2,195.1
R20260430-東11,2026-04-30,東京,11,新馬,1400,ダート,不良,10,H0052,キタサンドリーム,斉藤典宏,須田尚介,540,1,1:24.42,36.8,13,41.0
R20260430-東11,2026-04-30,東京,11,新馬,1400,ダート,不良,12,H0059,シルバーフラッシュ,田中裕信,友田康夫,425,-9,1:24.88,33.7,3,67.6
R20260430-東11,2026-04-30,東京,11,新馬,1400,ダート,不良,7,H0010,シンボリクラウン,福島祐二,国本栄,497,6,1:24.74,33.7,7,186.4
R20260430-東11,2026-04-30,東京,11,新馬,1400,ダート,不良,8,H0089,シンボリクイーン,M.ロドリゲス,宮原敬介,514,-1,1:24.12,36.0,6,102.2
R20260430-東11,2026-04-30,東京,11,新馬,1400,ダート,不良,3,H0008,サクラプリンス,福島祐二,宮原敬介,458,5,1:24.89,37.1,12,74.6
R20260411-東07,2026-04-11,東京,7,3勝クラス,1200,ダート,不良,14,H0100,アドマイヤファイト,田中裕信,池川泰寿,489,1,1:12.57,36.4,6,173.7
R20260411-東07,2026-04-11,東京,7,3勝クラス,1200,ダート,不良,3,H0075,クロフネジェット,吉村隼斗,矢野芳人,498,5,1:13.45,34.0,11,50.4
R20260411-東07,2026-04-11,東京,7,3勝クラス,1200,ダート,不良,5,H0074,ヴィクトリアシチー,戸田優介,矢野芳人,518,-1,1:12.96,36.5,2,138.5
R20260411-東07,2026-04-11,東京,7,3勝クラス,1200,ダート,不良,9,H0030,ナリタシチー,福島祐二,池川泰寿,491,-2,1:12.68,34.4,7,115.3
R20260411-東07,2026-04-11,東京,7,3勝クラス,1200,ダート,不良,7,H0093,クロフネクイーン,M.ロドリゲス,池川泰寿,518,-6,1:12.90,34.5,8,58.6
R20260411-東07,2026-04-11,東京,7,3勝クラス,1200,ダート,不良,13,H0007,テイエムフラッシュ,斉藤典宏,高井友和,503,-2,1:13.58,36.7,10,44.0
R20260411-東07,2026-04-11,東京,7,3勝クラス,1200,ダート,不良,11,H0062,メイショウルージュ,横田武志,須田尚介,509,-2,1:14.04,33.7,5,123.7
R20260411-東07,2026-04-11,東京,7,3勝クラス,1200,ダート,不良,6,H0022,ナリタファイト,戸田優介,友田康夫,505,6,1:13.07,34.1,4,47.7
R20260411-東07,2026-04-11,東京,7,3勝クラス,1200,ダート,不良,8,H0068,ヴィクトリアブレイブ,斉藤典宏,高井友和,432,-6,1:11.13,33.0,9,110.7
R20260411-東07,2026-04-11,東京,7,3勝クラス,1200,ダート,不良,15,H0081,ヴィクトリアブレイブ,M.ロドリゲス,高井友和,481,10,1:14.44,34.0,3,192.8
R20260411-東07,2026-04-11,東京,7,3勝クラス,1200,ダート,不良,4,H0080,テイエムシチー,松井弘平,友田康夫,536,-8,1:12.01,36.3,1,47.6
R20260411-東07,2026-04-11,東京,7,3勝クラス,1200,ダート,不良,2,H0049,サクラアロー,武田太郎,国本栄,473,-5,1:13.68,37.7,13,8.7
R20260411-東07,2026-04-11,東京,7,3勝クラス,1200,ダート,不良,12,H0019,キタサンブレイブ,福島祐二,国本栄,539,-1,1:14.07,37.4,12,3.3
R20260411-東07,2026-04-11,東京,7,3勝クラス,1200,ダート,不良,10,H0088,キタサンブレイブ,山口圭一,池川泰寿,456,4,1:13.00,37.9,15,109.3
R20260411-東07,2026-04-11,東京,7,3勝クラス,1200,ダート,不良,1,H0032,アドマイヤアロー,川村翔太,須田尚介,479,-2,1:12.70,34.0,14,23.9
R20260427-阪11,2026-04-27,阪神,11,オープン,1400,ダート,良,2,H0038,ゴールドスパーク,横田武志,池川泰寿,498,-3,1:25.40,34.1,7,28.0
R20260427-阪11,2026-04-27,阪神,11,オープン,1400,ダート,良,12,H0073,シンボリクラウン,吉村隼斗,宮原敬介,467,3,1:23.46,36.5,15,182.7
R20260427-阪11,2026-04-27,阪神,11,オープン,1400,ダート,良,9,H0087,ヴィクトリアキング,松井弘平,中田充正,517,-3,1:25.88,36.4,14,119.8
R20260427-阪11,2026-04-27,阪神,11,オープン,1400,ダート,良,11,H0097,ナリタアロー,田中裕信,高井友和,487,1,1:26.00,33.4,3,113.5
R20260427-阪11,2026-04-27,阪神,11,オープン,1400,ダート,良,14,H0025,サクラクラウン,田中裕信,須田尚介,445,8,1:23.10,35.7,16,34.2
R20260427-阪11,2026-04-27,阪神,11,オープン,1400,ダート,良,3,H0023,ダイワルージュ,福島祐二,藤野英昭,507,-4,1:26.27,36.6,13,98.5
R20260427-阪11,2026-04-27,阪神,11,オープン,1400,ダート,良,10,H0079,テイエムブライト,福島祐二,友田康夫,478,-6,1:26.44,35.6,10,92.2
R20260427-阪11,2026-04-27,阪神,11,オープン,1400,ダート,良,15,H0082,シンボリアロー,福島祐二,矢野芳人,512,-10,1:23.08,35.0,5,163.6
R20260427-阪11,2026-04-27,阪神,11,オープン,1400,ダート,良,13,H0052,キタサンドリーム,三沢皇成,藤野英昭,425,3,1:25.83,34.7,8,14.2
R20260427-阪11,2026-04-27,阪神,11,オープン,1400,ダート,良,7,H0055,アドマイヤキング,山口圭一,高井友和,424,-1,1:26.82,35.0,2,154.1
R20260427-阪11,2026-04-27,阪神,11,オープン,1400,ダート,良,16,H0066,メイショウブライト,吉村隼斗,音田秀孝,467,2,1:25.91,35.2,1,183.5
R20260427-阪11,2026-04-27,阪神,11,オープン,1400,ダート,良,1,H0042,クロフネプリンス,山口圭一,須田尚介,437,10,1:24.36,37.3,4,25.0
R20260427-阪11,2026-04-27,阪神,11,オープン,1400,ダート,良,4,H0012,ナリタストーム,M.ロドリゲス,須田尚介,436,-3,1:26.82,37.2,12,151.6
R20260427-阪11,2026-04-27,阪神,11,オープン,1400,ダート,良,6,H0086,ナリタプリンス,福島祐二,須田尚介,474,7,1:26.76,34.9,6,47.1
R20260427-阪11,2026-04-27,阪神,11,オープン,1400,ダート,良,8,H0013,マイネルドリーム,川村翔太,矢野芳人,444,-7,1:24.69,33.2,11,132.5
R20260427-阪11,2026-04-27,阪神,11,オープン,1400,ダート,良,5,H0024,テイエムクラウン,武田太郎,中田充正,446,-8,1:25.31,33.5,9,8.2
R20260413-東04,2026-04-13,東京,4,2勝クラス,2500,芝,不良,2,H0028,クロフネオーシャン,横田武志,音田秀孝,443,7,2:31.15,35.4,13,170.1
R20260413-東04,2026-04-13,東京,4,2勝クラス,2500,芝,不良,7,H0097,ナリタアロー,吉村隼斗,国本栄,523,4,2:30.72,37.6,2,113.1
R20260413-東04,2026-04-13,東京,4,2勝クラス,2500,芝,不良,11,H0100,アドマイヤファイト,田中裕信,須田尚介,437,2,2:33.39,34.2,5,41.9
R20260413-東04,2026-04-13,東京,4,2勝クラス,2500,芝,不良,1,H0008,サクラプリンス,福島祐二,池川泰寿,431,7,2:32.10,36.6,3,39.3
R20260413-東04,2026-04-13,東京,4,2勝クラス,2500,芝,不良,13,H0018,テイエムクイーン,松井弘平,宮原敬介,497,-9,2:30.59,37.4,4,38.9
R20260413-東04,2026-04-13,東京,4,2勝クラス,2500,芝,不良,10,H0065,キタサンストーム,吉村隼斗,須田尚介,447,5,2:32.56,34.0,12,181.5
R20260413-東04,2026-04-13,東京,4,2勝クラス,2500,芝,不良,8,H0038,ゴールドスパーク,武田太郎,中田充正,539,-4,2:30.73,37.8,10,24.8
R20260413-東04,2026-04-13,東京,4,2勝クラス,2500,芝,不良,12,H0030,ナリタシチー,福島祐二,中田充正,509,9,2:33.51,36.5,6,80.2
R20260413-東04,2026-04-13,東京,4,2勝クラス,2500,芝,不良,9,H0094,キタサンブレイブ,斉藤典宏,矢野芳人,468,4,2:30.47,35.7,1,72.8
R20260413-東04,2026-04-13,東京,4,2勝クラス,2500,芝,不良,3,H0074,ヴィクトリアシチー,田中裕信,高井友和,479,-7,2:30.56,37.0,8,144.9
R20260413-東04,2026-04-13,東京,4,2勝クラス,2500,芝,不良,5,H0041,キタサンビクトリー,斉藤典宏,中田充正,467,0,2:32.56,35.1,9,113.2
R20260413-東04,2026-04-13,東京,4,2勝クラス,2500,芝,不良,4,H0077,シルバーオーシャン,川村翔太,友田康夫,453,7,2:30.40,37.7,7,116.5
R20260413-東04,2026-04-13,東京,4,2勝クラス,2500,芝,不良,6,H0099,ヒカルサンダー,川村翔太,中田充正,462,-3,2:31.19,34.9,14,166.9
R20260413-東04,2026-04-13,東京,4,2勝クラス,2500,芝,不良,14,H0087,ヴィクトリアキング,松井弘平,池川泰寿,452,5,2:31.51,37.8,11,128.9
R20260417-阪03,2026-04-17,阪神,3,G1,1400,ダート,稍重,6,H0024,テイエムクラウン,吉村隼斗,音田秀孝,523,-5,1:22.92,33.5,6,20.6
R20260417-阪03,2026-04-17,阪神,3,G1,1400,ダート,稍重,13,H0070,ヒカルブライト,戸田優介,宮原敬介,487,-2,1:23.44,37.1,2,54.6
R20260417-阪03,2026-04-17,阪神,3,G1,1400,ダート,稍重,7,H0083,マイネルサンダー,斉藤典宏,音田秀孝,478,8,1:24.44,34.2,4,139.9
R20260417-阪03,2026-04-17,阪神,3,G1,1400,ダート,稍重,9,H0008,サクラプリンス,山口圭一,友田康夫,431,2,1:24.05,34.9,3,111.2
R20260417-阪03,2026-04-17,阪神,3,G1,1400,ダート,稍重,10,H0068,ヴィクトリアブレイブ,武田太郎,国本栄,430,5,1:23.07,37.2,5,129.5
R20260417-阪03,2026-04-17,阪神,3,G1,1400,ダート,稍重,8,H0005,マイネルアロー,山口圭一,須田尚介,537,-9,1:24.17,34.1,12,180.4
R20260417-阪03,2026-04-17,阪神,3,G1,1400,ダート,稍重,5,H0010,シンボリクラウン,三沢皇成,高井友和,454,-9,1:25.62,37.6,10,137.4
R20260417-阪03,2026-04-17,阪神,3,G1,1400,ダート,稍重,12,H0086,ナリタプリンス,田中裕信,宮原敬介,504,-9,1:23.97,33.9,7,170.3
R20260417-阪03,2026-04-17,阪神,3,G1,1400,ダート,稍重,1,H0007,テイエムフラッシュ,戸田優介,宮原敬介,438,2,1:22.91,37.6,9,60.9
R20260417-阪03,2026-04-17,阪神,3,G1,1400,ダート,稍重,3,H0098,シンボリルージュ,三沢皇成,音田秀孝,506,7,1:25.10,34.7,13,151.5
R20260417-阪03,2026-04-17,阪神,3,G1,1400,ダート,稍重,2,H0001,アドマイヤフラッシュ,吉村隼斗,藤野英昭,484,1,1:23.41,33.3,1,88.3
R20260417-阪03,2026-04-17,阪神,3,G1,1400,ダート,稍重,4,H0053,キタサンフラッシュ,斉藤典宏,宮原敬介,518,9,1:26.20,37.8,8,80.2
R20260417-阪03,2026-04-17,阪神,3,G1,1400,ダート,稍重,11,H0018,テイエムクイーン,武田太郎,矢野芳人,520,4,1:25.94,35.5,11,72.1
R20260420-阪03,2026-04-20,阪神,3,2勝クラス,1200,ダート,重,9,H0010,シンボリクラウン,川村翔太,音田秀孝,441,-6,1:13.02,34.3,12,54.8
R20260420-阪03,2026-04-20,阪神,3,2勝クラス,1200,ダート,重,15,H0011,テイエムシチー,川村翔太,音田秀孝,455,3,1:11.31,34.5,13,156.9
R20260420-阪03,2026-04-20,阪神,3,2勝クラス,1200,ダート,重,1,H0035,アドマイヤフラッシュ,戸田優介,高井友和,496,9,1:12.17,34.0,8,22.7
R20260420-阪03,2026-04-20,阪神,3,2勝クラス,1200,ダート,重,14,H0020,ダイワドリーム,M.ロドリゲス,池川泰寿,527,9,1:11.95,34.9,5,172.6
R20260420-阪03,2026-04-20,阪神,3,2勝クラス,1200,ダート,重,12,H0049,サクラアロー,M.ロドリゲス,宮原敬介,437,-1,1:12.49,34.6,4,189.5
R20260420-阪03,2026-04-20,阪神,3,2勝クラス,1200,ダート,重,7,H0092,マイネルファイト,斉藤典宏,国本栄,470,0,1:11.53,34.5,3,139.4
R20260420-阪03,2026-04-20,阪神,3,2勝クラス,1200,ダート,重,4,H0082,シンボリアロー,三沢皇成,中田充正,461,2,1:12.69,34.4,1,157.5
R20260420-阪03,2026-04-20,阪神,3,2勝クラス,1200,ダート,重,10,H0095,ヴィクトリアルージュ,三沢皇成,中田充正,495,7,1:12.19,33.9,7,153.9
R20260420-阪03,2026-04-20,阪神,3,2勝クラス,1200,ダート,重,11,H0050,シンボリブライト,吉村隼斗,高井友和,540,-4,1:10.83,35.2,14,59.3
R20260420-阪03,2026-04-20,阪神,3,2勝クラス,1200,ダート,重,3,H0041,キタサンビクトリー,M.ロドリゲス,高井友和,437,10,1:13.50,34.5,11,51.7
R20260420-阪03,2026-04-20,阪神,3,2勝クラス,1200,ダート,重,2,H0047,キタサンプリンス,M.ロドリゲス,音田秀孝,429,4,1:11.34,38.0,10,96.6
R20260420-阪03,2026-04-20,阪神,3,2勝クラス,1200,ダート,重,5,H0014,メイショウアロー,田中裕信,音田秀孝,489,-9,1:12.33,37.0,15,72.9
R20260420-阪03,2026-04-20,阪神,3,2勝クラス,1200,ダート,重,13,H0012,ナリタストーム,田中裕信,宮原敬介,501,-8,1:14.31,33.5,9,50.8
R20260420-阪03,2026-04-20,阪神,3,2勝クラス,1200,ダート,重,6,H0001,アドマイヤフラッシュ,川村翔太,宮原敬介,425,8,1:13.39,37.9,6,136.0
R20260420-阪03,2026-04-20,阪神,3,2勝クラス,1200,ダート,重,8,H0040,マイネルルージュ,斉藤典宏,音田秀孝,433,-10,1:12.33,33.5,2,45.6
R20260409-中09,2026-04-09,中京,9,G3,3000,芝,重,1,H0099,ヒカルサンダー,川村翔太,中田充正,486,-5,3:02.53,35.8,3,67.2
R20260409-中09,2026-04-09,中京,9,G3,3000,芝,重,11,H0087,ヴィクトリアキング,福島祐二,中田充正,522,2,3:01.52,36.1,4,38.5
R20260409-中09,2026-04-09,中京,9,G3,3000,芝,重,8,H0076,ロードジェット,M.ロドリゲス,友田康夫,514,9,3:02.45,37.4,9,90.7
R20260409-中09,2026-04-09,中京,9,G3,3000,芝,重,7,H0089,シンボリクイーン,武田太郎,中田充正,446,-2,3:01.54,36.8,11,162.0
R20260409-中09,2026-04-09,中京,9,G3,3000,芝,重,9,H0065,キタサンストーム,山口圭一,須田尚介,443,1,3:00.07,34.6,7,92.3
R20260409-中09,2026-04-09,中京,9,G3,3000,芝,重,13,H0020,ダイワドリーム,福島祐二,須田尚介,501,0,3:00.87,36.0,10,122.8
R20260409-中09,2026-04-09,中京,9,G3,3000,芝,重,4,H0045,テイエムプリンス,斉藤典宏,池川泰寿,528,4,3:02.17,36.1,1,163.0
R20260409-中09,2026-04-09,中京,9,G3,3000,芝,重,10,H0004,キタサンアロー,横田武志,宮原敬介,495,-8,3:02.64,36.4,5,63.7
R20260409-中09,2026-04-09,中京,9,G3,3000,芝,重,5,H0062,メイショウルージュ,山口圭一,国本栄,467,-6,3:00.77,35.6,13,84.5
R20260409-中09,2026-04-09,中京,9,G3,3000,芝,重,6,H0014,メイショウアロー,M.ロドリゲス,音田秀孝,443,5,3:00.37,36.2,6,139.1
R20260409-中09,2026-04-09,中京,9,G3,3000,芝,重,3,H0038,ゴールドスパーク,川村翔太,須田尚介,441,5,3:02.40,34.4,12,38.6
R20260409-中09,2026-04-09,中京,9,G3,3000,芝,重,12,H0054,ダイワクイーン,三沢皇成,友田康夫,530,1,3:03.19,37.8,8,97.7
R20260409-中09,2026-04-09,中京,9,G3,3000,芝,重,2,H0011,テイエムシチー,M.ロドリゲス,須田尚介,484,10,3:00.60,35.5,2,137.4
R20260419-阪08,2026-04-19,阪神,8,2勝クラス,1400,芝,良,4,H0005,マイネルアロー,山口圭一,中田充正,446,8,1:24.60,36.4,5,172.4
R20260419-阪08,2026-04-19,阪神,8,2勝クラス,1400,芝,良,11,H0036,ナリタスパーク,M.ロドリゲス,国本栄,498,-6,1:25.29,36.9,6,163.0
R20260419-阪08,2026-04-19,阪神,8,2勝クラス,1400,芝,良,6,H0029,アドマイヤルージュ,三沢皇成,池川泰寿,488,-2,1:26.07,36.0,12,34.9
R20260419-阪08,2026-04-19,阪神,8,2勝クラス,1400,芝,良,1,H0069,マイネルファイト,横田武志,矢野芳人,493,-2,1:26.76,37.8,10,103.6
R20260419-阪08,2026-04-19,阪神,8,2勝クラス,1400,芝,良,3,H0037,ヴィクトリアプリンス,山口圭一,国本栄,516,3,1:26.45,37.6,8,198.5
R20260419-阪08,2026-04-19,阪神,8,2勝クラス,1400,芝,良,8,H0022,ナリタファイト,川村翔太,国本栄,451,-6,1:26.32,36.6,1,166.0
R20260419-阪08,2026-04-19,阪神,8,2勝クラス,1400,芝,良,7,H0100,アドマイヤファイト,松井弘平,音田秀孝,482,-6,1:25.89,35.9,3,54.8
R20260419-阪08,2026-04-19,阪神,8,2勝クラス,1400,芝,良,5,H0059,シルバーフラッシュ,福島祐二,藤野英昭,501,-8,1:24.51,35.0,11,150.3
R20260419-阪08,2026-04-19,阪神,8,2勝クラス,1400,芝,良,10,H0073,シンボリクラウン,斉藤典宏,高井友和,482,0,1:25.63,35.9,2,174.0
R20260419-阪08,2026-04-19,阪神,8,2勝クラス,1400,芝,良,2,H0096,シルバースパーク,山口圭一,高井友和,501,1,1:26.24,37.3,7,159.4
R20260419-阪08,2026-04-19,阪神,8,2勝クラス,1400,芝,良,12,H0099,ヒカルサンダー,M.ロドリゲス,中田充正,483,-2,1:24.44,34.6,4,57.8
R20260419-阪08,2026-04-19,阪神,8,2勝クラス,1400,芝,良,9,H0064,ヴィクトリアストーム,川村翔太,宮原敬介,529,5,1:25.04,36.9,9,179.0
R20260408-東01,2026-04-08,東京,1,未勝利,3000,芝,良,16,H0021,メイショウファイト,斉藤典宏,矢野芳人,437,2,3:00.23,36.9,13,151.0
R20260408-東01,2026-04-08,東京,1,未勝利,3000,芝,良,3,H0057,テイエムプリンス,松井弘平,国本栄,428,6,3:00.35,35.8,5,122.6
R20260408-東01,2026-04-08,東京,1,未勝利,3000,芝,良,12,H0059,シルバーフラッシュ,斉藤典宏,中田充正,500,-6,3:00.47,37.6,9,123.8
R20260408-東01,2026-04-08,東京,1,未勝利,3000,芝,良,10,H0001,アドマイヤフラッシュ,戸田優介,藤野英昭,534,-7,3:01.59,33.7,10,25.9
R20260408-東01,2026-04-08,東京,1,未勝利,3000,芝,良,13,H0055,アドマイヤキング,斉藤典宏,音田秀孝,460,-6,3:02.74,34.2,4,129.5
R20260408-東01,2026-04-08,東京,1,未勝利,3000,芝,良,8,H0026,クロフネルージュ,三沢皇成,宮原敬介,512,9,3:00.81,34.4,11,188.3
R20260408-東01,2026-04-08,東京,1,未勝利,3000,芝,良,15,H0089,シンボリクイーン,松井弘平,矢野芳人,446,6,2:59.93,36.0,14,38.9
R20260408-東01,2026-04-08,東京,1,未勝利,3000,芝,良,9,H0017,メイショウファイト,松井弘平,友田康夫,520,-3,3:01.39,35.5,8,23.9
R20260408-東01,2026-04-08,東京,1,未勝利,3000,芝,良,2,H0084,シンボリファイト,三沢皇成,藤野英昭,487,-10,3:01.82,37.9,3,186.9
R20260408-東01,2026-04-08,東京,1,未勝利,3000,芝,良,14,H0039,テイエムルージュ,三沢皇成,音田秀孝,466,7,3:00.35,36.4,7,152.9
R20260408-東01,2026-04-08,東京,1,未勝利,3000,芝,良,4,H0036,ナリタスパーク,山口圭一,友田康夫,495,-8,3:03.64,33.1,2,44.3
R20260408-東01,2026-04-08,東京,1,未勝利,3000,芝,良,5,H0012,ナリタストーム,M.ロドリゲス,須田尚介,456,10,3:03.51,36.6,6,153.8
R20260408-東01,2026-04-08,東京,1,未勝利,3000,芝,良,11,H0047,キタサンプリンス,M.ロドリゲス,藤野英昭,501,7,3:01.51,35.7,12,31.8
R20260408-東01,2026-04-08,東京,1,未勝利,3000,芝,良,7,H0033,ゴールドフラッシュ,山口圭一,須田尚介,537,-4,3:00.15,37.9,16,32.3
R20260408-東01,2026-04-08,東京,1,未勝利,3000,芝,良,1,H0011,テイエムシチー,三沢皇成,藤野英昭,459,3,3:01.13,36.6,1,169.5
R20260408-東01,2026-04-08,東京,1,未勝利,3000,芝,良,6,H0048,ナリタプリンス,山口圭一,音田秀孝,434,4,3:00.05,36.1,15,12.4
R20260411-中02,2026-04-11,中山,2,1勝クラス,1600,芝,良,4,H0045,テイエムプリンス,武田太郎,中田充正,425,5,1:35.15,34.8,7,184.2
R20260411-中02,2026-04-11,中山,2,1勝クラス,1600,芝,良,11,H0067,ナリタジェット,武田太郎,須田尚介,522,10,1:35.69,35.1,10,65.4
R20260411-中02,2026-04-11,中山,2,1勝クラス,1600,芝,良,8,H0093,クロフネクイーン,吉村隼斗,池川泰寿,454,-8,1:36.63,35.9,4,25.2
R20260411-中02,2026-04-11,中山,2,1勝クラス,1600,芝,良,13,H0034,ロードフラッシュ,武田太郎,国本栄,448,6,1:37.66,37.9,5,190.9
R20260411-中02,2026-04-11,中山,2,1勝クラス,1600,芝,良,10,H0022,ナリタファイト,福島祐二,矢野芳人,519,-1,1:35.25,34.6,11,111.3
R20260411-中02,2026-04-11,中山,2,1勝クラス,1600,芝,良,12,H0048,ナリタプリンス,戸田優介,矢野芳人,492,-1,1:35.00,36.7,13,49.7
R20260411-中02,2026-04-11,中山,2,1勝クラス,1600,芝,良,3,H0017,メイショウファイト,福島祐二,中田充正,513,7,1:36.44,36.8,2,50.2
R20260411-中02,2026-04-11,中山,2,1勝クラス,1600,芝,良,2,H0096,シルバースパーク,M.ロドリゲス,友田康夫,449,7,1:35.00,34.7,12,168.2
R20260411-中02,2026-04-11,中山,2,1勝クラス,1600,芝,良,9,H0100,アドマイヤファイト,斉藤典宏,友田康夫,517,2,1:38.48,37.2,3,145.9
R20260411-中02,2026-04-11,中山,2,1勝クラス,1600,芝,良,5,H0035,アドマイヤフラッシュ,田中裕信,中田充正,473,5,1:35.39,37.8,8,194.6
R20260411-中02,2026-04-11,中山,2,1勝クラス,1600,芝,良,7,H0094,キタサンブレイブ,横田武志,藤野英昭,425,-3,1:35.54,37.5,1,104.7
R20260411-中02,2026-04-11,中山,2,1勝クラス,1600,芝,良,6,H0016,クロフネアロー,斉藤典宏,高井友和,515,-8,1:37.77,35.9,6,101.8
R20260411-中02,2026-04-11,中山,2,1勝クラス,1600,芝,良,1,H0099,ヒカルサンダー,M.ロドリゲス,藤野英昭,495,8,1:37.52,33.3,9,133.0
R20260428-中05,2026-04-28,中山,5,オープン,1700,ダート,不良,1,H0058,ロードオーシャン,吉村隼斗,中田充正,465,2,1:41.62,35.6,9,135.9
R20260428-中05,2026-04-28,中山,5,オープン,1700,ダート,不良,10,H0035,アドマイヤフラッシュ,川村翔太,友田康夫,471,4,1:42.07,35.8,10,110.7
R20260428-中05,2026-04-28,中山,5,オープン,1700,ダート,不良,9,H0030,ナリタシチー,山口圭一,国本栄,435,-10,1:41.41,33.3,4,156.5
R20260428-中05,2026-04-28,中山,5,オープン,1700,ダート,不良,4,H0010,シンボリクラウン,戸田優介,音田秀孝,467,10,1:41.92,37.7,1,18.2
R20260428-中05,2026-04-28,中山,5,オープン,1700,ダート,不良,11,H0026,クロフネルージュ,山口圭一,友田康夫,428,-4,1:43.37,37.5,8,89.5
R20260428-中05,2026-04-28,中山,5,オープン,1700,ダート,不良,3,H0018,テイエムクイーン,斉藤典宏,藤野英昭,425,4,1:41.55,33.3,6,184.9
R20260428-中05,2026-04-28,中山,5,オープン,1700,ダート,不良,5,H0100,アドマイヤファイト,吉村隼斗,音田秀孝,483,-10,1:42.76,34.9,7,86.2
R20260428-中05,2026-04-28,中山,5,オープン,1700,ダート,不良,2,H0099,ヒカルサンダー,川村翔太,矢野芳人,455,4,1:42.45,37.4,12,8.4
R20260428-中05,2026-04-28,中山,5,オープン,1700,ダート,不良,7,H0075,クロフネジェット,戸田優介,矢野芳人,483,3,1:43.51,37.4,3,96.6
R20260428-中05,2026-04-28,中山,5,オープン,1700,ダート,不良,6,H0014,メイショウアロー,M.ロドリゲス,国本栄,473,-4,1:41.38,36.2,11,159.7
R20260428-中05,2026-04-28,中山,5,オープン,1700,ダート,不良,12,H0020,ダイワドリーム,田中裕信,友田康夫,468,1,1:42.03,35.4,2,156.6
R20260428-中05,2026-04-28,中山,5,オープン,1700,ダート,不良,8,H0022,ナリタファイト,三沢皇成,須田尚介,461,2,1:42.41,34.4,5,6.7
R20260413-中01,2026-04-13,中山,1,G1,1200,ダート,不良,1,H0099,ヒカルサンダー,武田太郎,中田充正,497,-3,1:10.88,33.1,12,96.4
R20260413-中01,2026-04-13,中山,1,G1,1200,ダート,不良,9,H0075,クロフネジェット,三沢皇成,中田充正,523,-6,1:12.05,34.7,2,36.7
R20260413-中01,2026-04-13,中山,1,G1,1200,ダート,不良,12,H0030,ナリタシチー,斉藤典宏,友田康夫,422,-6,1:13.94,35.9,11,183.6
R20260413-中01,2026-04-13,中山,1,G1,1200,ダート,不良,8,H0021,メイショウファイト,田中裕信,池川泰寿,429,1,1:13.82,36.5,9,132.9
R20260413-中01,2026-04-13,中山,1,G1,1200,ダート,不良,5,H0013,マイネルドリーム,斉藤典宏,矢野芳人,461,-6,1:13.07,37.9,5,146.9
R20260413-中01,2026-04-13,中山,1,G1,1200,ダート,不良,11,H0032,アドマイヤアロー,松井弘平,高井友和,503,0,1:12.47,33.9,8,193.8
R20260413-中01,2026-04-13,中山,1,G1,1200,ダート,不良,2,H0085,ロードクイーン,三沢皇成,池川泰寿,448,8,1:13.50,37.1,7,76.6
R20260413-中01,2026-04-13,中山,1,G1,1200,ダート,不良,3,H0031,サクラキング,横田武志,国本栄,442,-10,1:13.66,37.7,4,189.8
R20260413-中01,2026-04-13,中山,1,G1,1200,ダート,不良,6,H0035,アドマイヤフラッシュ,三沢皇成,友田康夫,443,9,1:12.29,34.6,3,162.0
R20260413-中01,2026-04-13,中山,1,G1,1200,ダート,不良,7,H0069,マイネルファイト,松井弘平,宮原敬介,433,5,1:13.17,33.7,6,149.5
R20260413-中01,2026-04-13,中山,1,G1,1200,ダート,不良,10,H0095,ヴィクトリアルージュ,斉藤典宏,国本栄,501,-8,1:11.68,37.1,1,134.5
R20260413-中01,2026-04-13,中山,1,G1,1200,ダート,不良,4,H0008,サクラプリンス,斉藤典宏,高井友和,421,-2,1:13.64,34.0,10,139.1
R20260421-京02,2026-04-21,京都,2,G2,1200,芝,不良,15,H0054,ダイワクイーン,戸田優介,中田充正,472,7,1:11.13,36.6,5,146.4
R20260421-京02,2026-04-21,京都,2,G2,1200,芝,不良,9,H0022,ナリタファイト,横田武志,矢野芳人,450,-7,1:11.79,33.2,3,115.0
R20260421-京02,2026-04-21,京都,2,G2,1200,芝,不良,4,H0053,キタサンフラッシュ,川村翔太,友田康夫,466,-10,1:14.09,35.1,13,60.0
R20260421-京02,2026-04-21,京都,2,G2,1200,芝,不良,14,H0064,ヴィクトリアストーム,三沢皇成,高井友和,445,-7,1:13.38,33.1,7,35.4
R20260421-京02,2026-04-21,京都,2,G2,1200,芝,不良,3,H0049,サクラアロー,山口圭一,高井友和,528,-7,1:11.89,34.5,15,80.4
R20260421-京02,2026-04-21,京都,2,G2,1200,芝,不良,7,H0045,テイエムプリンス,松井弘平,矢野芳人,431,10,1:12.68,35.7,11,38.2
R20260421-京02,2026-04-21,京都,2,G2,1200,芝,不良,10,H0070,ヒカルブライト,斉藤典宏,国本栄,477,-9,1:14.27,34.3,4,93.8
R20260421-京02,2026-04-21,京都,2,G2,1200,芝,不良,11,H0013,マイネルドリーム,横田武志,宮原敬介,427,-6,1:11.63,36.8,1,134.0
R20260421-京02,2026-04-21,京都,2,G2,1200,芝,不良,6,H0062,メイショウルージュ,斉藤典宏,須田尚介,472,8,1:11.07,34.1,8,13.6
R20260421-京02,2026-04-21,京都,2,G2,1200,芝,不良,12,H0074,ヴィクトリアシチー,田中裕信,音田秀孝,488,5,1:12.28,35.9,10,48.3
R20260421-京02,2026-04-21,京都,2,G2,1200,芝,不良,5,H0084,シンボリファイト,M.ロドリゲス,友田康夫,484,8,1:11.92,37.5,6,160.4
R20260421-京02,2026-04-21,京都,2,G2,1200,芝,不良,1,H0098,シンボリルージュ,三沢皇成,国本栄,435,4,1:13.44,33.9,14,196.9
R20260421-京02,2026-04-21,京都,2,G2,1200,芝,不良,13,H0088,キタサンブレイブ,戸田優介,国本栄,425,3,1:14.62,33.4,9,137.1
R20260421-京02,2026-04-21,京都,2,G2,1200,芝,不良,2,H0029,アドマイヤルージュ,松井弘平,国本栄,526,9,1:11.53,34.3,2,182.3
R20260421-京02,2026-04-21,京都,2,G2,1200,芝,不良,8,H0021,メイショウファイト,山口圭一,藤野英昭,469,7,1:14.38,35.0,12,66.2
R20260424-中08,2026-04-24,中京,8,G3,2500,芝,良,3,H0019,キタサンブレイブ,斉藤典宏,友田康夫,463,-1,2:33.20,34.6,9,168.8
R20260424-中08,2026-04-24,中京,8,G3,2500,芝,良,2,H0073,シンボリクラウン,松井弘平,藤野英昭,531,-3,2:32.95,33.7,5,194.9
R20260424-中08,2026-04-24,中京,8,G3,2500,芝,良,6,H0076,ロードジェット,斉藤典宏,矢野芳人,513,3,2:31.29,36.0,6,19.2
R20260424-中08,2026-04-24,中京,8,G3,2500,芝,良,1,H0075,クロフネジェット,M.ロドリゲス,高井友和,517,6,2:31.28,37.3,8,164.5
R20260424-中08,2026-04-24,中京,8,G3,2500,芝,良,4,H0098,シンボリルージュ,川村翔太,藤野英昭,459,6,2:31.58,35.0,2,156.4
R20260424-中08,2026-04-24,中京,8,G3,2500,芝,良,9,H0013,マイネルドリーム,三沢皇成,友田康夫,442,-4,2:31.61,37.4,10,41.3
R20260424-中08,2026-04-24,中京,8,G3,2500,芝,良,10,H0014,メイショウアロー,武田太郎,高井友和,426,1,2:29.75,36.5,4,55.9
R20260424-中08,2026-04-24,中京,8,G3,2500,芝,良,8,H0100,アドマイヤファイト,田中裕信,音田秀孝,501,-7,2:32.81,36.4,1,49.5
R20260424-中08,2026-04-24,中京,8,G3,2500,芝,良,11,H0037,ヴィクトリアプリンス,福島祐二,国本栄,531,5,2:31.47,35.9,11,70.9
R20260424-中08,2026-04-24,中京,8,G3,2500,芝,良,5,H0069,マイネルファイト,横田武志,藤野英昭,456,-10,2:30.17,34.9,3,33.8
R20260424-中08,2026-04-24,中京,8,G3,2500,芝,良,7,H0045,テイエムプリンス,戸田優介,中田充正,502,-3,2:31.80,36.4,7,54.9
R20260419-中01,2026-04-19,中京,1,1勝クラス,3000,芝,稍重,4,H0002,ダイワオーシャン,三沢皇成,音田秀孝,504,0,3:03.42,36.4,4,144.7
R20260419-中01,2026-04-19,中京,1,1勝クラス,3000,芝,稍重,12,H0029,アドマイヤルージュ,横田武志,矢野芳人,536,3,3:02.44,35.0,14,147.7
R20260419-中01,2026-04-19,中京,1,1勝クラス,3000,芝,稍重,14,H0033,ゴールドフラッシュ,三沢皇成,中田充正,463,-3,3:02.15,36.4,1,128.2
R20260419-中01,2026-04-19,中京,1,1勝クラス,3000,芝,稍重,6,H0078,ダイワシチー,松井弘平,池川泰寿,484,-1,3:01.72,37.2,13,168.4
R20260419-中01,2026-04-19,中京,1,1勝クラス,3000,芝,稍重,3,H0040,マイネルルージュ,川村翔太,矢野芳人,432,5,3:03.32,33.6,3,52.8
R20260419-中01,2026-04-19,中京,1,1勝クラス,3000,芝,稍重,13,H0092,マイネルファイト,川村翔太,池川泰寿,503,-8,3:03.05,34.1,7,45.8
R20260419-中01,2026-04-19,中京,1,1勝クラス,3000,芝,稍重,1,H0091,シルバージェット,M.ロドリゲス,池川泰寿,467,-2,3:03.30,35.9,10,93.6
R20260419-中01,2026-04-19,中京,1,1勝クラス,3000,芝,稍重,2,H0083,マイネルサンダー,武田太郎,宮原敬介,494,9,3:00.29,33.4,9,178.1
R20260419-中01,2026-04-19,中京,1,1勝クラス,3000,芝,稍重,7,H0036,ナリタスパーク,松井弘平,音田秀孝,487,-1,3:01.82,35.1,11,174.4
R20260419-中01,2026-04-19,中京,1,1勝クラス,3000,芝,稍重,10,H0055,アドマイヤキング,戸田優介,池川泰寿,472,8,3:00.42,37.5,12,197.3
R20260419-中01,2026-04-19,中京,1,1勝クラス,3000,芝,稍重,9,H0049,サクラアロー,吉村隼斗,国本栄,519,-8,3:00.39,35.4,5,126.8
R20260419-中01,2026-04-19,中京,1,1勝クラス,3000,芝,稍重,11,H0045,テイエムプリンス,松井弘平,友田康夫,420,4,3:00.53,34.4,6,152.6
R20260419-中01,2026-04-19,中京,1,1勝クラス,3000,芝,稍重,5,H0059,シルバーフラッシュ,川村翔太,高井友和,520,-8,3:00.49,33.6,2,87.6
R20260419-中01,2026-04-19,中京,1,1勝クラス,3000,芝,稍重,8,H0028,クロフネオーシャン,M.ロドリゲス,高井友和,469,-10,3:01.54,33.2,8,41.1
R20260421-東06,2026-04-21,東京,6,2勝クラス,1200,芝,良,1,H0089,シンボリクイーン,川村翔太,藤野英昭,466,10,1:13.09,37.0,11,76.0
R20260421-東06,2026-04-21,東京,6,2勝クラス,1200,芝,良,7,H0045,テイエムプリンス,田中裕信,宮原敬介,426,9,1:13.29,38.0,8,132.9
R20260421-東06,2026-04-21,東京,6,2勝クラス,1200,芝,良,10,H0040,マイネルルージュ,武田太郎,友田康夫,508,-7,1:13.34,35.1,10,77.0
R20260421-東06,2026-04-21,東京,6,2勝クラス,1200,芝,良,3,H0017,メイショウファイト,福島祐二,国本栄,446,10,1:12.92,33.0,5,85.0
R20260421-東06,2026-04-21,東京,6,2勝クラス,1200,芝,良,2,H0014,メイショウアロー,田中裕信,矢野芳人,499,9,1:11.13,36.5,6,84.6
R20260421-東06,2026-04-21,東京,6,2勝クラス,1200,芝,良,9,H0050,シンボリブライト,田中裕信,宮原敬介,435,-1,1:14.32,33.6,9,22.6
R20260421-東06,2026-04-21,東京,6,2勝クラス,1200,芝,良,4,H0065,キタサンストーム,戸田優介,矢野芳人,526,6,1:11.52,37.9,2,72.5
R20260421-東06,2026-04-21,東京,6,2勝クラス,1200,芝,良,6,H0076,ロードジェット,川村翔太,友田康夫,490,5,1:12.37,37.6,1,138.1
R20260421-東06,2026-04-21,東京,6,2勝クラス,1200,芝,良,8,H0022,ナリタファイト,戸田優介,友田康夫,421,-8,1:12.65,37.5,7,167.3
R20260421-東06,2026-04-21,東京,6,2勝クラス,1200,芝,良,11,H0009,アドマイヤクイーン,川村翔太,藤野英昭,519,6,1:13.40,33.4,3,145.1
R20260421-東06,2026-04-21,東京,6,2勝クラス,1200,芝,良,5,H0006,アドマイヤビクトリー,松井弘平,中田充正,478,-1,1:14.35,34.3,4,11.4
R20260406-中01,2026-04-06,中山,1,G3,1700,ダート,重,11,H0015,ヴィクトリアクイーン,三沢皇成,友田康夫,530,-6,1:44.15,35.4,10,98.4
R20260406-中01,2026-04-06,中山,1,G3,1700,ダート,重,1,H0013,マイネルドリーム,福島祐二,友田康夫,428,-2,1:44.58,36.3,9,4.0
R20260406-中01,2026-04-06,中山,1,G3,1700,ダート,重,9,H0098,シンボリルージュ,田中裕信,宮原敬介,512,8,1:44.50,34.1,11,191.2
R20260406-中01,2026-04-06,中山,1,G3,1700,ダート,重,5,H0006,アドマイヤビクトリー,田中裕信,須田尚介,508,9,1:44.52,33.5,6,132.9
R20260406-中01,2026-04-06,中山,1,G3,1700,ダート,重,13,H0002,ダイワオーシャン,斉藤典宏,音田秀孝,439,7,1:42.02,37.5,8,123.2
R20260406-中01,2026-04-06,中山,1,G3,1700,ダート,重,4,H0018,テイエムクイーン,川村翔太,須田尚介,528,5,1:41.08,37.3,4,174.1
R20260406-中01,2026-04-06,中山,1,G3,1700,ダート,重,12,H0085,ロードクイーン,福島祐二,池川泰寿,450,0,1:41.33,37.9,5,11.5
R20260406-中01,2026-04-06,中山,1,G3,1700,ダート,重,8,H0083,マイネルサンダー,松井弘平,音田秀孝,471,-3,1:41.92,33.4,7,89.7
R20260406-中01,2026-04-06,中山,1,G3,1700,ダート,重,10,H0022,ナリタファイト,山口圭一,高井友和,477,0,1:43.32,33.6,15,100.2
R20260406-中01,2026-04-06,中山,1,G3,1700,ダート,重,7,H0043,シンボリブレイブ,山口圭一,音田秀孝,472,-9,1:43.64,35.8,14,1.5
R20260406-中01,2026-04-06,中山,1,G3,1700,ダート,重,15,H0046,ヴィクトリアフラッシュ,三沢皇成,宮原敬介,501,-1,1:41.39,37.5,1,113.1
R20260406-中01,2026-04-06,中山,1,G3,1700,ダート,重,3,H0057,テイエムプリンス,福島祐二,池川泰寿,466,-9,1:43.65,37.1,13,169.1
R20260406-中01,2026-04-06,中山,1,G3,1700,ダート,重,14,H0080,テイエムシチー,三沢皇成,宮原敬介,480,1,1:42.36,36.6,12,24.1
R20260406-中01,2026-04-06,中山,1,G3,1700,ダート,重,6,H0035,アドマイヤフラッシュ,戸田優介,友田康夫,463,1,1:44.07,37.1,3,192.9
R20260406-中01,2026-04-06,中山,1,G3,1700,ダート,重,2,H0094,キタサンブレイブ,田中裕信,池川泰寿,509,-7,1:42.20,33.2,2,34.1
R20260428-阪02,2026-04-28,阪神,2,2勝クラス,2100,ダート,稍重,3,H0051,ゴールドサンダー,川村翔太,藤野英昭,469,9,2:08.19,36.0,6,65.4
R20260428-阪02,2026-04-28,阪神,2,2勝クラス,2100,ダート,稍重,1,H0028,クロフネオーシャン,M.ロドリゲス,宮原敬介,537,-3,2:08.80,34.4,10,192.8
R20260428-阪02,2026-04-28,阪神,2,2勝クラス,2100,ダート,稍重,7,H0059,シルバーフラッシュ,福島祐二,国本栄,437,3,2:09.15,36.0,3,177.5
R20260428-阪02,2026-04-28,阪神,2,2勝クラス,2100,ダート,稍重,9,H0025,サクラクラウン,吉村隼斗,須田尚介,530,0,2:07.32,36.6,2,187.2
R20260428-阪02,2026-04-28,阪神,2,2勝クラス,2100,ダート,稍重,5,H0092,マイネルファイト,戸田優介,中田充正,499,-1,2:07.80,36.4,4,184.4
R20260428-阪02,2026-04-28,阪神,2,2勝クラス,2100,ダート,稍重,6,H0044,ダイワストーム,吉村隼斗,国本栄,484,7,2:05.80,36.5,5,65.5
R20260428-阪02,2026-04-28,阪神,2,2勝クラス,2100,ダート,稍重,4,H0014,メイショウアロー,斉藤典宏,須田尚介,481,8,2:05.73,35.9,8,133.9
R20260428-阪02,2026-04-28,阪神,2,2勝クラス,2100,ダート,稍重,8,H0097,ナリタアロー,吉村隼斗,須田尚介,456,3,2:06.94,37.0,7,105.3
R20260428-阪02,2026-04-28,阪神,2,2勝クラス,2100,ダート,稍重,2,H0054,ダイワクイーン,川村翔太,友田康夫,505,-9,2:05.37,34.0,1,150.4
R20260428-阪02,2026-04-28,阪神,2,2勝クラス,2100,ダート,稍重,10,H0006,アドマイヤビクトリー,横田武志,矢野芳人,438,-9,2:05.92,36.5,9,60.1
R20260408-中01,2026-04-08,中京,1,G1,1800,ダート,良,9,H0029,アドマイヤルージュ,三沢皇成,矢野芳人,420,0,1:47.61,35.3,6,187.6
R20260408-中01,2026-04-08,中京,1,G1,1800,ダート,良,15,H0096,シルバースパーク,斉藤典宏,宮原敬介,426,10,1:47.25,36.1,15,132.9
R20260408-中01,2026-04-08,中京,1,G1,1800,ダート,良,3,H0083,マイネルサンダー,三沢皇成,須田尚介,465,-8,1:49.05,36.9,5,64.6
R20260408-中01,2026-04-08,中京,1,G1,1800,ダート,良,16,H0072,メイショウファイト,川村翔太,須田尚介,428,6,1:47.97,33.8,16,109.3
R20260408-中01,2026-04-08,中京,1,G1,1800,ダート,良,11,H0050,シンボリブライト,斉藤典宏,中田充正,533,-4,1:48.70,36.3,7,67.2
R20260408-中01,2026-04-08,中京,1,G1,1800,ダート,良,13,H0031,サクラキング,三沢皇成,須田尚介,480,7,1:48.27,37.1,1,196.3
R20260408-中01,2026-04-08,中京,1,G1,1800,ダート,良,7,H0066,メイショウブライト,松井弘平,池川泰寿,477,-3,1:47.13,37.5,4,123.3
R20260408-中01,2026-04-08,中京,1,G1,1800,ダート,良,6,H0090,ヒカルクラウン,武田太郎,池川泰寿,468,-7,1:49.58,34.9,12,108.7
R20260408-中01,2026-04-08,中京,1,G1,1800,ダート,良,14,H0037,ヴィクトリアプリンス,田中裕信,池川泰寿,485,6,1:48.22,35.2,9,10.2
R20260408-中01,2026-04-08,中京,1,G1,1800,ダート,良,8,H0089,シンボリクイーン,戸田優介,池川泰寿,485,-8,1:50.68,37.7,13,34.7
R20260408-中01,2026-04-08,中京,1,G1,1800,ダート,良,10,H0086,ナリタプリンス,田中裕信,須田尚介,420,10,1:50.92,33.3,14,134.6
R20260408-中01,2026-04-08,中京,1,G1,1800,ダート,良,4,H0007,テイエムフラッシュ,松井弘平,音田秀孝,526,-7,1:50.19,34.0,2,166.0
R20260408-中01,2026-04-08,中京,1,G1,1800,ダート,良,5,H0049,サクラアロー,吉村隼斗,音田秀孝,502,-8,1:50.61,36.7,11,32.0
R20260408-中01,2026-04-08,中京,1,G1,1800,ダート,良,12,H0054,ダイワクイーン,斉藤典宏,友田康夫,431,-8,1:48.93,33.3,3,159.2
R20260408-中01,2026-04-08,中京,1,G1,1800,ダート,良,1,H0088,キタサンブレイブ,三沢皇成,中田充正,536,-2,1:49.32,35.0,8,91.0
R20260408-中01,2026-04-08,中京,1,G1,1800,ダート,良,2,H0041,キタサンビクトリー,斉藤典宏,友田康夫,469,-7,1:48.71,35.7,10,128.8
R20260413-東12,2026-04-13,東京,12,G1,1400,芝,重,10,H0038,ゴールドスパーク,三沢皇成,音田秀孝,488,7,1:22.87,37.7,4,62.0
R20260413-東12,2026-04-13,東京,12,G1,1400,芝,重,7,H0088,キタサンブレイブ,吉村隼斗,池川泰寿,447,3,1:25.84,37.5,10,170.5
R20260413-東12,2026-04-13,東京,12,G1,1400,芝,重,9,H0039,テイエムルージュ,川村翔太,中田充正,498,-2,1:23.42,34.0,7,37.5
R20260413-東12,2026-04-13,東京,12,G1,1400,芝,重,4,H0078,ダイワシチー,武田太郎,須田尚介,479,10,1:26.05,35.7,2,59.2
R20260413-東12,2026-04-13,東京,12,G1,1400,芝,重,6,H0012,ナリタストーム,山口圭一,中田充正,512,8,1:23.12,35.4,8,67.2
R20260413-東12,2026-04-13,東京,12,G1,1400,芝,重,2,H0037,ヴィクトリアプリンス,松井弘平,中田充正,432,-1,1:23.36,36.1,9,180.2
R20260413-東12,2026-04-13,東京,12,G1,1400,芝,重,5,H0098,シンボリルージュ,福島祐二,池川泰寿,498,-1,1:24.12,36.5,1,31.8
R20260413-東12,2026-04-13,東京,12,G1,1400,芝,重,3,H0057,テイエムプリンス,斉藤典宏,音田秀孝,441,-10,1:25.12,34.6,6,157.5
R20260413-東12,2026-04-13,東京,12,G1,1400,芝,重,8,H0049,サクラアロー,松井弘平,音田秀孝,455,1,1:25.70,33.7,5,147.0
R20260413-東12,2026-04-13,東京,12,G1,1400,芝,重,1,H0051,ゴールドサンダー,福島祐二,高井友和,465,-1,1:26.36,35.4,3,23.1
R20260412-中02,2026-04-12,中京,2,3勝クラス,1400,ダート,稍重,10,H0081,ヴィクトリアブレイブ,武田太郎,中田充正,517,5,1:26.61,34.2,12,54.0
R20260412-中02,2026-04-12,中京,2,3勝クラス,1400,ダート,稍重,1,H0010,シンボリクラウン,松井弘平,中田充正,486,1,1:23.78,34.9,15,183.7
R20260412-中02,2026-04-12,中京,2,3勝クラス,1400,ダート,稍重,13,H0094,キタサンブレイブ,武田太郎,池川泰寿,433,6,1:26.37,36.2,8,55.8
R20260412-中02,2026-04-12,中京,2,3勝クラス,1400,ダート,稍重,2,H0003,ヴィクトリアストーム,三沢皇成,須田尚介,492,-5,1:25.82,34.9,5,76.6
R20260412-中02,2026-04-12,中京,2,3勝クラス,1400,ダート,稍重,12,H0065,キタサンストーム,山口圭一,須田尚介,452,2,1:25.20,37.9,14,45.7
R20260412-中02,2026-04-12,中京,2,3勝クラス,1400,ダート,稍重,5,H0004,キタサンアロー,斉藤典宏,高井友和,521,5,1:24.47,37.4,2,2.8
R20260412-中02,2026-04-12,中京,2,3勝クラス,1400,ダート,稍重,14,H0075,クロフネジェット,福島祐二,国本栄,449,-8,1:26.38,35.6,10,57.2
R20260412-中02,2026-04-12,中京,2,3勝クラス,1400,ダート,稍重,4,H0052,キタサンドリーム,川村翔太,池川泰寿,497,-7,1:23.45,36.3,13,83.8
R20260412-中02,2026-04-12,中京,2,3勝クラス,1400,ダート,稍重,7,H0099,ヒカルサンダー,山口圭一,高井友和,506,5,1:24.17,35.4,3,118.8
R20260412-中02,2026-04-12,中京,2,3勝クラス,1400,ダート,稍重,6,H0076,ロードジェット,M.ロドリゲス,友田康夫,451,-9,1:25.44,33.6,4,119.1
R20260412-中02,2026-04-12,中京,2,3勝クラス,1400,ダート,稍重,3,H0028,クロフネオーシャン,田中裕信,友田康夫,534,8,1:23.39,33.7,11,34.5
R20260412-中02,2026-04-12,中京,2,3勝クラス,1400,ダート,稍重,11,H0005,マイネルアロー,田中裕信,音田秀孝,496,8,1:26.54,36.2,1,175.9
R20260412-中02,2026-04-12,中京,2,3勝クラス,1400,ダート,稍重,8,H0071,クロフネフラッシュ,横田武志,藤野英昭,447,4,1:25.76,36.0,9,95.1
R20260412-中02,2026-04-12,中京,2,3勝クラス,1400,ダート,稍重,9,H0034,ロードフラッシュ,戸田優介,音田秀孝,496,-6,1:24.78,37.0,6,164.4
R20260412-中02,2026-04-12,中京,2,3勝クラス,1400,ダート,稍重,15,H0070,ヒカルブライト,松井弘平,須田尚介,453,-5,1:23.58,36.6,7,69.5
R20260418-中10,2026-04-18,中京,10,G3,1800,芝,不良,6,H0014,メイショウアロー,吉村隼斗,宮原敬介,432,3,1:48.49,33.7,8,96.2
R20260418-中10,2026-04-18,中京,10,G3,1800,芝,不良,5,H0003,ヴィクトリアストーム,山口圭一,矢野芳人,496,7,1:48.02,35.0,3,39.0
R20260418-中10,2026-04-18,中京,10,G3,1800,芝,不良,3,H0026,クロフネルージュ,武田太郎,宮原敬介,486,-7,1:49.93,35.6,10,75.9
R20260418-中10,2026-04-18,中京,10,G3,1800,芝,不良,7,H0067,ナリタジェット,斉藤典宏,音田秀孝,466,-7,1:47.91,33.8,2,130.8
R20260418-中10,2026-04-18,中京,10,G3,1800,芝,不良,11,H0065,キタサンストーム,田中裕信,音田秀孝,492,1,1:48.11,36.1,4,198.4
R20260418-中10,2026-04-18,中京,10,G3,1800,芝,不良,4,H0088,キタサンブレイブ,戸田優介,音田秀孝,490,7,1:48.68,35.4,5,75.0
R20260418-中10,2026-04-18,中京,10,G3,1800,芝,不良,9,H0054,ダイワクイーン,横田武志,矢野芳人,493,1,1:49.31,36.9,11,80.5
R20260418-中10,2026-04-18,中京,10,G3,1800,芝,不良,2,H0020,ダイワドリーム,松井弘平,藤野英昭,515,-3,1:47.64,35.2,1,140.3
R20260418-中10,2026-04-18,中京,10,G3,1800,芝,不良,1,H0078,ダイワシチー,戸田優介,須田尚介,471,0,1:47.74,37.0,6,123.4
R20260418-中10,2026-04-18,中京,10,G3,1800,芝,不良,10,H0013,マイネルドリーム,武田太郎,国本栄,469,10,1:49.83,33.0,7,19.6
R20260418-中10,2026-04-18,中京,10,G3,1800,芝,不良,8,H0023,ダイワルージュ,三沢皇成,音田秀孝,431,-8,1:47.67,34.3,9,75.1
R20260413-東12,2026-04-13,東京,12,新馬,1800,ダート,重,5,H0023,ダイワルージュ,横田武志,国本栄,472,6,1:49.39,33.5,16,15.9
R20260413-東12,2026-04-13,東京,12,新馬,1800,ダート,重,10,H0082,シンボリアロー,山口圭一,須田尚介,452,7,1:48.27,37.1,8,115.6
R20260413-東12,2026-04-13,東京,12,新馬,1800,ダート,重,8,H0064,ヴィクトリアストーム,M.ロドリゲス,宮原敬介,481,-3,1:49.87,36.8,4,192.3
R20260413-東12,2026-04-13,東京,12,新馬,1800,ダート,重,13,H0057,テイエムプリンス,福島祐二,宮原敬介,530,-10,1:48.93,35.4,10,52.7
R20260413-東12,2026-04-13,東京,12,新馬,1800,ダート,重,7,H0002,ダイワオーシャン,戸田優介,中田充正,522,0,1:48.62,35.1,14,71.6
R20260413-東12,2026-04-13,東京,12,新馬,1800,ダート,重,12,H0026,クロフネルージュ,吉村隼斗,矢野芳人,451,-1,1:49.23,33.5,7,135.2
R20260413-東12,2026-04-13,東京,12,新馬,1800,ダート,重,9,H0085,ロードクイーン,山口圭一,須田尚介,539,-5,1:50.38,35.4,3,71.7
R20260413-東12,2026-04-13,東京,12,新馬,1800,ダート,重,2,H0067,ナリタジェット,横田武志,国本栄,515,-4,1:50.67,35.5,6,41.1
R20260413-東12,2026-04-13,東京,12,新馬,1800,ダート,重,3,H0037,ヴィクトリアプリンス,横田武志,中田充正,449,-4,1:50.03,37.2,11,167.5
R20260413-東12,2026-04-13,東京,12,新馬,1800,ダート,重,14,H0025,サクラクラウン,山口圭一,藤野英昭,537,-8,1:48.52,36.4,5,133.2
R20260413-東12,2026-04-13,東京,12,新馬,1800,ダート,重,15,H0005,マイネルアロー,田中裕信,友田康夫,528,5,1:49.55,34.9,9,64.1
R20260413-東12,2026-04-13,東京,12,新馬,1800,ダート,重,4,H0077,シルバーオーシャン,三沢皇成,矢野芳人,482,-5,1:50.68,37.9,13,183.3
R20260413-東12,2026-04-13,東京,12,新馬,1800,ダート,重,16,H0066,メイショウブライト,戸田優介,宮原敬介,436,-9,1:48.21,35.6,2,85.5
R20260413-東12,2026-04-13,東京,12,新馬,1800,ダート,重,1,H0090,ヒカルクラウン,武田太郎,須田尚介,464,2,1:50.85,37.3,15,155.5
R20260413-東12,2026-04-13,東京,12,新馬,1800,ダート,重,11,H0030,ナリタシチー,山口圭一,須田尚介,478,0,1:48.92,36.4,12,3.8
R20260413-東12,2026-04-13,東京,12,新馬,1800,ダート,重,6,H0079,テイエムブライト,三沢皇成,藤野英昭,461,1,1:47.93,36.1,1,53.1
R20260415-京04,2026-04-15,京都,4,オープン,1800,ダート,重,6,H0064,ヴィクトリアストーム,松井弘平,須田尚介,488,0,1:51.07,36.9,8,61.1
R20260415-京04,2026-04-15,京都,4,オープン,1800,ダート,重,8,H0055,アドマイヤキング,三沢皇成,友田康夫,470,-7,1:49.34,36.5,6,13.4
R20260415-京04,2026-04-15,京都,4,オープン,1800,ダート,重,5,H0027,ヒカルアロー,福島祐二,藤野英昭,477,0,1:50.35,34.3,5,73.0
R20260415-京04,2026-04-15,京都,4,オープン,1800,ダート,重,2,H0054,ダイワクイーン,横田武志,池川泰寿,422,3,1:49.32,33.6,11,173.7
R20260415-京04,2026-04-15,京都,4,オープン,1800,ダート,重,9,H0090,ヒカルクラウン,戸田優介,宮原敬介,493,10,1:50.94,36.2,2,36.1
R20260415-京04,2026-04-15,京都,4,オープン,1800,ダート,重,1,H0097,ナリタアロー,斉藤典宏,池川泰寿,506,6,1:50.21,35.4,1,147.7
R20260415-京04,2026-04-15,京都,4,オープン,1800,ダート,重,7,H0048,ナリタプリンス,M.ロドリゲス,宮原敬介,456,4,1:50.65,36.2,10,30.3
R20260415-京04,2026-04-15,京都,4,オープン,1800,ダート,重,4,H0047,キタサンプリンス,斉藤典宏,音田秀孝,500,9,1:47.76,35.9,9,170.0
R20260415-京04,2026-04-15,京都,4,オープン,1800,ダート,重,11,H0052,キタサンドリーム,川村翔太,池川泰寿,449,0,1:47.38,34.6,3,59.3
R20260415-京04,2026-04-15,京都,4,オープン,1800,ダート,重,10,H0036,ナリタスパーク,松井弘平,音田秀孝,454,4,1:48.16,36.9,4,187.8
R20260415-京04,2026-04-15,京都,4,オープン,1800,ダート,重,3,H0058,ロードオーシャン,田中裕信,高井友和,472,-5,1:50.08,33.9,7,6.1
R20260409-中11,2026-04-09,中山,11,1勝クラス,1200,ダート,稍重,13,H0014,メイショウアロー,川村翔太,須田尚介,442,8,1:12.92,36.0,12,126.8
R20260409-中11,2026-04-09,中山,11,1勝クラス,1200,ダート,稍重,1,H0013,マイネルドリーム,三沢皇成,音田秀孝,487,10,1:13.27,36.2,2,63.0
R20260409-中11,2026-04-09,中山,11,1勝クラス,1200,ダート,稍重,9,H0009,アドマイヤクイーン,田中裕信,中田充正,523,-8,1:12.12,35.2,8,74.1
R20260409-中11,2026-04-09,中山,11,1勝クラス,1200,ダート,稍重,8,H0061,メイショウフラッシュ,横田武志,友田康夫,420,6,1:11.77,37.1,5,169.8
R20260409-中11,2026-04-09,中山,11,1勝クラス,1200,ダート,稍重,12,H0071,クロフネフラッシュ,福島祐二,須田尚介,421,5,1:12.10,37.7,4,96.2
R20260409-中11,2026-04-09,中山,11,1勝クラス,1200,ダート,稍重,6,H0007,テイエムフラッシュ,M.ロドリゲス,矢野芳人,496,-3,1:10.76,37.0,11,110.3
R20260409-中11,2026-04-09,中山,11,1勝クラス,1200,ダート,稍重,11,H0004,キタサンアロー,田中裕信,音田秀孝,470,-3,1:11.48,33.8,7,147.8
R20260409-中11,2026-04-09,中山,11,1勝クラス,1200,ダート,稍重,4,H0099,ヒカルサンダー,M.ロドリゲス,中田充正,453,-8,1:12.29,35.1,6,49.1
R20260409-中11,2026-04-09,中山,11,1勝クラス,1200,ダート,稍重,5,H0051,ゴールドサンダー,三沢皇成,矢野芳人,456,10,1:13.79,36.7,10,162.0
R20260409-中11,2026-04-09,中山,11,1勝クラス,1200,ダート,稍重,7,H0068,ヴィクトリアブレイブ,山口圭一,国本栄,437,-1,1:12.38,33.6,1,91.9
R20260409-中11,2026-04-09,中山,11,1勝クラス,1200,ダート,稍重,2,H0098,シンボリルージュ,吉村隼斗,宮原敬介,482,-4,1:12.54,34.6,13,31.7
R20260409-中11,2026-04-09,中山,11,1勝クラス,1200,ダート,稍重,3,H0011,テイエムシチー,武田太郎,国本栄,433,-1,1:14.61,34.3,9,143.5
R20260409-中11,2026-04-09,中山,11,1勝クラス,1200,ダート,稍重,10,H0034,ロードフラッシュ,戸田優介,藤野英昭,439,-10,1:13.64,35.5,3,69.4
R20260423-阪06,2026-04-23,阪神,6,未勝利,1200,ダート,重,11,H0097,ナリタアロー,戸田優介,藤野英昭,450,10,1:14.18,35.2,8,4.5
R20260423-阪06,2026-04-23,阪神,6,未勝利,1200,ダート,重,3,H0019,キタサンブレイブ,三沢皇成,藤野英昭,470,-3,1:13.90,33.0,13,9.8
R20260423-阪06,2026-04-23,阪神,6,未勝利,1200,ダート,重,15,H0008,サクラプリンス,福島祐二,宮原敬介,439,1,1:13.86,36.9,7,50.9
R20260423-阪06,2026-04-23,阪神,6,未勝利,1200,ダート,重,10,H0035,アドマイヤフラッシュ,松井弘平,宮原敬介,463,10,1:12.73,33.3,10,72.1
R20260423-阪06,2026-04-23,阪神,6,未勝利,1200,ダート,重,9,H0100,アドマイヤファイト,田中裕信,藤野英昭,436,5,1:11.34,34.2,15,196.4
R20260423-阪06,2026-04-23,阪神,6,未勝利,1200,ダート,重,6,H0051,ゴールドサンダー,斉藤典宏,高井友和,513,-4,1:13.88,33.1,6,76.5
R20260423-阪06,2026-04-23,阪神,6,未勝利,1200,ダート,重,5,H0010,シンボリクラウン,横田武志,友田康夫,482,4,1:13.62,35.8,4,109.2
R20260423-阪06,2026-04-23,阪神,6,未勝利,1200,ダート,重,2,H0070,ヒカルブライト,三沢皇成,国本栄,489,1,1:12.69,34.6,5,94.5
R20260423-阪06,2026-04-23,阪神,6,未勝利,1200,ダート,重,14,H0061,メイショウフラッシュ,三沢皇成,須田尚介,440,-8,1:14.20,35.7,2,90.7
R20260423-阪06,2026-04-23,阪神,6,未勝利,1200,ダート,重,12,H0024,テイエムクラウン,田中裕信,池川泰寿,478,-10,1:14.00,36.9,14,101.9
R20260423-阪06,2026-04-23,阪神,6,未勝利,1200,ダート,重,1,H0025,サクラクラウン,武田太郎,宮原敬介,529,1,1:13.66,36.9,9,48.9
R20260423-阪06,2026-04-23,阪神,6,未勝利,1200,ダート,重,4,H0033,ゴールドフラッシュ,松井弘平,須田尚介,524,2,1:13.61,33.9,1,137.1
R20260423-阪06,2026-04-23,阪神,6,未勝利,1200,ダート,重,16,H0049,サクラアロー,川村翔太,宮原敬介,456,0,1:13.79,35.0,12,65.4
R20260423-阪06,2026-04-23,阪神,6,未勝利,1200,ダート,重,13,H0002,ダイワオーシャン,松井弘平,藤野英昭,425,-6,1:11.11,33.9,16,7.7
R20260423-阪06,2026-04-23,阪神,6,未勝利,1200,ダート,重,7,H0016,クロフネアロー,戸田優介,藤野英昭,424,8,1:11.16,36.2,3,78.6
R20260423-阪06,2026-04-23,阪神,6,未勝利,1200,ダート,重,8,H0099,ヒカルサンダー,三沢皇成,宮原敬介,452,-9,1:12.69,34.8,11,121.8
R20260430-東04,2026-04-30,東京,4,新馬,1200,ダート,不良,12,H0072,メイショウファイト,M.ロドリゲス,藤野英昭,441,-5,1:13.54,35.7,8,101.7
R20260430-東04,2026-04-30,東京,4,新馬,1200,ダート,不良,3,H0096,シルバースパーク,田中裕信,宮原敬介,476,1,1:13.36,37.5,2,110.7
R20260430-東04,2026-04-30,東京,4,新馬,1200,ダート,不良,7,H0054,ダイワクイーン,斉藤典宏,音田秀孝,517,10,1:14.71,35.2,10,145.6
R20260430-東04,2026-04-30,東京,4,新馬,1200,ダート,不良,10,H0048,ナリタプリンス,三沢皇成,須田尚介,447,2,1:13.16,36.8,12,185.3
R20260430-東04,2026-04-30,東京,4,新馬,1200,ダート,不良,8,H0091,シルバージェット,福島祐二,高井友和,470,-10,1:11.74,36.6,5,196.6
R20260430-東04,2026-04-30,東京,4,新馬,1200,ダート,不良,6,H0008,サクラプリンス,田中裕信,国本栄,533,-1,1:13.11,33.0,1,196.9
R20260430-東04,2026-04-30,東京,4,新馬,1200,ダート,不良,1,H0079,テイエムブライト,斉藤典宏,友田康夫,518,-2,1:11.59,37.6,6,103.0
R20260430-東04,2026-04-30,東京,4,新馬,1200,ダート,不良,11,H0035,アドマイヤフラッシュ,三沢皇成,国本栄,432,-9,1:13.01,35.3,7,32.5
R20260430-東04,2026-04-30,東京,4,新馬,1200,ダート,不良,9,H0068,ヴィクトリアブレイブ,三沢皇成,中田充正,449,-2,1:11.79,37.1,3,19.7
R20260430-東04,2026-04-30,東京,4,新馬,1200,ダート,不良,4,H0006,アドマイヤビクトリー,戸田優介,藤野英昭,512,0,1:12.33,37.0,4,35.8
R20260430-東04,2026-04-30,東京,4,新馬,1200,ダート,不良,2,H0094,キタサンブレイブ,吉村隼斗,宮原敬介,524,-7,1:14.03,36.0,11,61.1
R20260430-東04,2026-04-30,東京,4,新馬,1200,ダート,不良,5,H0010,シンボリクラウン,三沢皇成,音田秀孝,430,-9,1:13.65,37.6,9,67.9
